"","NAME","Min","Mean","Max","Sd"
"1","data2/DATOS SENSIBILIDAD Lasiodiplodia spp_ chlorothalonil",0.332794783914772,4.13657867838546,13.7663672096298,4.80597868728183
"2","data2/DATOS SENSIBILIDAD Lasiodiplodia spp_boscalid",448.71073270102,878.782316540446,1232.18220614376,297.676651708738
"3","data2/DATOS SENSIBILIDAD Lasiodiplodia spp_extract",24.8865952142719,84.9359399264145,156.471024164896,42.049884730515
"4","data2/DATOS SENSIBILIDAD Lasiodiplodia spp_pyraclostrobin",0.668225977938465,13.8311035887474,91.1435031778274,31.4264540995571
"5","data2/DATOS SENSIBILIDAD Lasiodiplodia spp_pyrimethanil",56.722531039441,158.740973011717,299.216764956564,82.4984816365106
"6","data2/DATOS SENSIBILIDAD Lasiodiplodia spp_thiophanate",0.00188539257013982,0.00582209938171416,0.0162106707984379,0.00483606802029482
"7","data2/pyraclostrobin_rhizoctonia",0.0270989784246293,4.11613119909908,22.3336611409964,5.98084670367349
"8","data2/thiophanate_rhizoctonia",5.11053501313767,16.6052113446048,47.5792260250584,10.5970925999952
